{"trn_optim_loss": 0.17171630263328552, "train_optim_psnr": 7.651884987839836, "trn_mse": 0.08291223645210266, "val_mse": 0.014587707817554474, "val_optim_loss": 0.03617371618747711, "val_optim_psnr": 14.416068676654103, "_timestamp": 1665664763.6249666, "_runtime": 235.04897165298462, "_step": 0, "_wandb": {"runtime": 385}}